{"cameraMode":{"drawMode":0,"name":"Shaded","section":"Shading Mode"},"sceneLighting":false,"audioPlay":false,"sceneViewState":{"showFog":true,"showMaterialUpdate":false,"showSkybox":false,"showFlares":true,"showImageEffects":true,"showParticleSystems":true},"in2DMode":false,"pivot":{"x":456.0724182128906,"y":174.60855102539063,"z":42.10914993286133},"rotation":{"x":0.07822685688734055,"y":0.011633375659584999,"z":-0.00097066187299788,"w":0.9969096779823303},"size":267.13623046875,"orthographic":false}