{"cameraMode":{"drawMode":0,"name":"Shaded","section":"Shading Mode"},"sceneLighting":true,"audioPlay":false,"sceneViewState":{"showFog":true,"showMaterialUpdate":false,"showSkybox":true,"showFlares":true,"showImageEffects":true,"showParticleSystems":true},"in2DMode":false,"pivot":{"x":-66.96204376220703,"y":-3.8369972705841066,"z":-6.8484673500061039},"rotation":{"x":0.09450449794530869,"y":-0.7004762291908264,"z":0.09418393671512604,"w":0.7012161016464233},"size":34.767005920410159,"orthographic":false}